{
  "40074a63-02e2-4554-b078-7cee75975f31": {
    "xx": 1059326,
    "yy": 64,
    "zz": 17618432,
    "world": "world",
    "pitch": 43.407402,
    "yaw": -163.84848
  },
  "7eb22d85-dd55-4d5d-8121-cc0298c04283": {
    "xx": 3007997,
    "yy": 64,
    "zz": -5007873,
    "world": "world",
    "pitch": -28.634773,
    "yaw": -70.044586
  },
  "56052daf-5dde-432e-af64-664df2a6ae4b": {
    "xx": -5583359,
    "yy": 64,
    "zz": -650753,
    "world": "world",
    "pitch": 25.049994,
    "yaw": -268.64978
  },
  "a5df3d16-912a-474a-9825-6212a92baf4b": {
    "xx": -7988742,
    "yy": 64,
    "zz": 17173984,
    "world": "world",
    "pitch": 76.200294,
    "yaw": 188.70029
  },
  "0d9d055a-0066-4784-97cf-d5c2e682c5ea": {
    "xx": 2187775,
    "yy": 64,
    "zz": 2340351,
    "world": "world",
    "pitch": 42.15,
    "yaw": 3.3000002
  },
  "9d1e2c55-db26-4f78-b342-6fd50174b12f": {
    "xx": 3008087,
    "yy": 64,
    "zz": -5007878,
    "world": "world",
    "pitch": -2.5500004,
    "yaw": -63.299953
  },
  "5b6f6aae-abb8-4ce3-9465-86d635b46214": {
    "xx": -11662873,
    "yy": 1,
    "zz": 445952,
    "world": "world",
    "pitch": 23.099993,
    "yaw": -89.70001
  },
  "9454a9cb-90cb-4b1f-908c-aba159546bec": {
    "xx": -5373441,
    "yy": 61,
    "zz": -7313921,
    "world": "world",
    "pitch": 19.200016,
    "yaw": 42.00177
  },
  "3e79580d-cfdb-4b80-999c-99bc2740d194": {
    "xx": -5373441,
    "yy": 61,
    "zz": -7313921,
    "world": "world",
    "pitch": 0.0,
    "yaw": 0.0
  },
  "e82fc7c3-904d-4857-81fe-53122512b04d": {
    "xx": 684543,
    "yy": 63,
    "zz": 17128961,
    "world": "world",
    "pitch": 10.992402,
    "yaw": -20.765509
  }
}